file,kind,character,text,seconds
meet_yukimura.wav,名乗り,真田幸村,我こそは真田左衛門佐幸村！日の本一の兵、とくと見よ！,7.84
meet_kagekatsu.wav,名乗り,上杉景勝,上杉景勝、義のために参る。退くことは、せぬ！,6.8
meet_mitsunari.wav,名乗り,石田三成,石田治部少輔三成、大義は我にあり！,5.64
meet_nobunaga.wav,名乗り,織田信長,織田信長、天下布武。逆らう者は、斬る！,5.96
meet_shingen.wav,名乗り,武田信玄,武田信玄、風林火山。いざ、尋常に！,6.44
meet_musashi.wav,名乗り,宮本武蔵,宮本武蔵、二天一流。いざ、勝負！,5.92
special_yukimura.wav,必殺,真田幸村,いざ、参る！,2.16
special_kagekatsu.wav,必殺,上杉景勝,義の刃、受けよ！,2.52
special_mitsunari.wav,必殺,石田三成,大義の下に、散れ！,3.08
special_nobunaga.wav,必殺,織田信長,天下布武！,2.04
special_shingen.wav,必殺,武田信玄,疾きこと、風の如し！,3.36
special_musashi.wav,必殺,宮本武蔵,二天一流、受けてみよ！,3.56
kiai_1.wav,気合い,,せいっ！,1.16
kiai_2.wav,気合い,,はぁっ！,1.36
kiai_3.wav,気合い,,とうっ！,1.52
kiai_4.wav,気合い,,ぬんっ！,1.6
kiai_5.wav,気合い,,おりゃあっ！,2.0
kiai_6.wav,気合い,,えいっ！,1.48
kachidoki_1.wav,勝ちどき,,えい、えい、おー！,3.48
kachidoki_2.wav,勝ちどき,,えい、えい、おーっ！,4.64
yarare_1.wav,やられ,,ぐあっ…！,2.16
yarare_2.wav,やられ,,ぐうっ…！,1.72
yarare_3.wav,やられ,,ぐはっ！,1.6
yarare_4.wav,やられ,,うぐっ…！,1.28
shingari_1.wav,殿,,わしはもう駄目じゃ…先へ行け！,4.0
shingari_2.wav,殿,,ここは通さぬ…行けぇ！,3.0
