ファイル名,入手先サイト,元のファイル名,素材のURL,ライセンス,クレジット表記の要否,表記する文言
clash_1.mp3,効果音ラボ,katana-clash2.mp3,https://soundeffect-lab.info/sound/battle/ (直リンク: https://soundeffect-lab.info/sound/battle/mp3/katana-clash2.mp3),効果音ラボ利用規約(商用可・ゲーム組込可),不要,（表記不要）
clash_2.mp3,効果音ラボ,katana-clash4.mp3,https://soundeffect-lab.info/sound/battle/ (直リンク: https://soundeffect-lab.info/sound/battle/mp3/katana-clash4.mp3),効果音ラボ利用規約(商用可・ゲーム組込可),不要,（表記不要）
clash_3.mp3,効果音ラボ,katana-clash3.mp3,https://soundeffect-lab.info/sound/battle/ (直リンク: https://soundeffect-lab.info/sound/battle/mp3/katana-clash3.mp3),効果音ラボ利用規約(商用可・ゲーム組込可),不要,（表記不要）
slash_1.mp3,効果音ラボ,katana-slash2.mp3,https://soundeffect-lab.info/sound/battle/ (直リンク: https://soundeffect-lab.info/sound/battle/mp3/katana-slash2.mp3),効果音ラボ利用規約(商用可・ゲーム組込可),不要,（表記不要）
slash_2.mp3,効果音ラボ,katana-slash5.mp3,https://soundeffect-lab.info/sound/battle/ (直リンク: https://soundeffect-lab.info/sound/battle/mp3/katana-slash5.mp3),効果音ラボ利用規約(商用可・ゲーム組込可),不要,（表記不要）
slash_3.mp3,効果音ラボ,katana-slash1.mp3,https://soundeffect-lab.info/sound/battle/ (直リンク: https://soundeffect-lab.info/sound/battle/mp3/katana-slash1.mp3),効果音ラボ利用規約(商用可・ゲーム組込可),不要,（表記不要）
slash_4.mp3,効果音ラボ,katana-slash3.mp3,https://soundeffect-lab.info/sound/battle/ (直リンク: https://soundeffect-lab.info/sound/battle/mp3/katana-slash3.mp3),効果音ラボ利用規約(商用可・ゲーム組込可),不要,（表記不要）
kill_1.mp3,効果音ラボ + 効果音ラボ,katana-slash3.mp3 + blow7.mp3,https://soundeffect-lab.info/sound/battle/ (直リンク: https://soundeffect-lab.info/sound/battle/mp3/katana-slash3.mp3) + https://soundeffect-lab.info/sound/battle/ (直リンク: https://soundeffect-lab.info/sound/battle/mp3/blow7.mp3),効果音ラボ利用規約(商用可・ゲーム組込可) + 効果音ラボ利用規約(商用可・ゲーム組込可),不要,（表記不要）
kill_2.mp3,効果音ラボ + 効果音ラボ,large-sword-slash1.mp3 + knife-stab-1.mp3,https://soundeffect-lab.info/sound/battle/ (直リンク: https://soundeffect-lab.info/sound/battle/mp3/large-sword-slash1.mp3) + https://soundeffect-lab.info/sound/battle/ (直リンク: https://soundeffect-lab.info/sound/battle/mp3/knife-stab-1.mp3),効果音ラボ利用規約(商用可・ゲーム組込可) + 効果音ラボ利用規約(商用可・ゲーム組込可),不要,（表記不要）
swing_1.mp3,効果音ラボ,katana-gesture2.mp3,https://soundeffect-lab.info/sound/battle/ (直リンク: https://soundeffect-lab.info/sound/battle/mp3/katana-gesture2.mp3),効果音ラボ利用規約(商用可・ゲーム組込可),不要,（表記不要）
swing_2.mp3,効果音ラボ,sword-gesture2.mp3,https://soundeffect-lab.info/sound/battle/ (直リンク: https://soundeffect-lab.info/sound/battle/mp3/sword-gesture2.mp3),効果音ラボ利用規約(商用可・ゲーム組込可),不要,（表記不要）
hit_1.mp3,効果音ラボ,blow6.mp3,https://soundeffect-lab.info/sound/battle/ (直リンク: https://soundeffect-lab.info/sound/battle/mp3/blow6.mp3),効果音ラボ利用規約(商用可・ゲーム組込可),不要,（表記不要）
hit_2.mp3,効果音ラボ,punch-middle2.mp3,https://soundeffect-lab.info/sound/battle/ (直リンク: https://soundeffect-lab.info/sound/battle/mp3/punch-middle2.mp3),効果音ラボ利用規約(商用可・ゲーム組込可),不要,（表記不要）
block_1.mp3,効果音ラボ,machine-hard-hit1.mp3,https://soundeffect-lab.info/sound/battle/ (直リンク: https://soundeffect-lab.info/sound/battle/mp3/machine-hard-hit1.mp3),効果音ラボ利用規約(商用可・ゲーム組込可),不要,（表記不要）
gun_1.mp3,Freesound,Musket Shot.wav,https://freesound.org/people/mlsulli/sounds/234869/,CC0 1.0,不要,（表記不要）
arrow_1.mp3,効果音ラボ + 効果音ラボ,arrow-release1.mp3 + arrow-pierce1.mp3,https://soundeffect-lab.info/sound/battle/ (直リンク: https://soundeffect-lab.info/sound/battle/mp3/arrow-release1.mp3) + https://soundeffect-lab.info/sound/battle/ (直リンク: https://soundeffect-lab.info/sound/battle/mp3/arrow-pierce1.mp3),効果音ラボ利用規約(商用可・ゲーム組込可) + 効果音ラボ利用規約(商用可・ゲーム組込可),不要,（表記不要）
boom_1.mp3,効果音ラボ,bomb2.mp3,https://soundeffect-lab.info/sound/battle/battle2.html (直リンク: https://soundeffect-lab.info/sound/battle/mp3/bomb2.mp3),効果音ラボ利用規約(商用可・ゲーム組込可),不要,（表記不要）
horse_1.mp3,効果音ラボ,horse-cry1.mp3,https://soundeffect-lab.info/sound/animal/ (直リンク: https://soundeffect-lab.info/sound/animal/mp3/horse-cry1.mp3),効果音ラボ利用規約(商用可・ゲーム組込可),不要,（表記不要）
horse_2.mp3,効果音ラボ,horse-dash1.mp3,https://soundeffect-lab.info/sound/animal/ (直リンク: https://soundeffect-lab.info/sound/animal/mp3/horse-dash1.mp3),効果音ラボ利用規約(商用可・ゲーム組込可),不要,（表記不要）
crowd_1.mp3,効果音ラボ,people-attack1.mp3,https://soundeffect-lab.info/sound/voice/people.html (直リンク: https://soundeffect-lab.info/sound/voice/mp3/people/people-attack1.mp3),効果音ラボ利用規約(商用可・ゲーム組込可),不要,（表記不要）
