file,kind,id,cat,text,speaker,style,style_id,seconds
音声_死に際_01_A_白上虎太郎_おこ.wav,死に際,01,foot,ぐわあああっ！,白上虎太郎,おこ,34,0.90
音声_死に際_01_B_玄野武宏_ノーマル.wav,死に際,01,foot,ぐわあああっ！,玄野武宏,ノーマル,11,0.80
音声_死に際_01_C_剣崎雌雄_ノーマル.wav,死に際,01,foot,ぐわあああっ！,剣崎雌雄,ノーマル,21,0.87
音声_死に際_02_A_玄野武宏_ノーマル.wav,死に際,02,foot,ぎゃああああっ！,玄野武宏,ノーマル,11,0.80
音声_死に際_02_B_白上虎太郎_おこ.wav,死に際,02,foot,ぎゃああああっ！,白上虎太郎,おこ,34,0.96
音声_死に際_02_C_雀松朱司_ノーマル.wav,死に際,02,foot,ぎゃああああっ！,雀松朱司,ノーマル,52,0.94
音声_死に際_03_A_剣崎雌雄_ノーマル.wav,死に際,03,foot,ぐはっ…！,剣崎雌雄,ノーマル,21,0.74
音声_死に際_03_B_玄野武宏_ノーマル.wav,死に際,03,foot,ぐはっ…！,玄野武宏,ノーマル,11,0.63
音声_死に際_03_C_白上虎太郎_ふつう.wav,死に際,03,foot,ぐはっ…！,白上虎太郎,ふつう,12,0.74
音声_死に際_04_A_剣崎雌雄_ノーマル.wav,死に際,04,foot,ぬおおおおっ！,剣崎雌雄,ノーマル,21,0.80
音声_死に際_04_B_青山龍星_熱血.wav,死に際,04,foot,ぬおおおおっ！,青山龍星,熱血,81,0.86
音声_死に際_04_C_玄野武宏_ノーマル.wav,死に際,04,foot,ぬおおおおっ！,玄野武宏,ノーマル,11,0.73
音声_死に際_05_A_白上虎太郎_びくびく.wav,死に際,05,foot,うわああああっ！,白上虎太郎,びくびく,33,1.02
音声_死に際_05_B_玄野武宏_ノーマル.wav,死に際,05,foot,うわああああっ！,玄野武宏,ノーマル,11,0.89
音声_死に際_05_C_雀松朱司_ノーマル.wav,死に際,05,foot,うわああああっ！,雀松朱司,ノーマル,52,0.95
音声_死に際_06_A_玄野武宏_ツンギレ.wav,死に際,06,foot,おのれぇぇ…！,玄野武宏,ツンギレ,40,0.83
音声_死に際_06_B_剣崎雌雄_ノーマル.wav,死に際,06,foot,おのれぇぇ…！,剣崎雌雄,ノーマル,21,0.99
音声_死に際_06_C_雀松朱司_ノーマル.wav,死に際,06,foot,おのれぇぇ…！,雀松朱司,ノーマル,52,1.00
音声_死に際_07_A_玄野武宏_ノーマル.wav,死に際,07,foot,む、無念…！,玄野武宏,ノーマル,11,1.31
音声_死に際_07_B_雀松朱司_ノーマル.wav,死に際,07,foot,む、無念…！,雀松朱司,ノーマル,52,1.35
音声_死に際_07_C_剣崎雌雄_ノーマル.wav,死に際,07,foot,む、無念…！,剣崎雌雄,ノーマル,21,1.48
音声_死に際_08_A_白上虎太郎_びくびく.wav,死に際,08,foot,や、やられたぁ…！,白上虎太郎,びくびく,33,2.25
音声_死に際_08_B_剣崎雌雄_ノーマル.wav,死に際,08,foot,や、やられたぁ…！,剣崎雌雄,ノーマル,21,1.90
音声_死に際_08_C_玄野武宏_ノーマル.wav,死に際,08,foot,や、やられたぁ…！,玄野武宏,ノーマル,11,1.67
音声_死に際_09_A_白上虎太郎_ふつう.wav,死に際,09,foot,は、母上ぇ…！,白上虎太郎,ふつう,12,1.96
音声_死に際_09_B_玄野武宏_ノーマル.wav,死に際,09,foot,は、母上ぇ…！,玄野武宏,ノーマル,11,1.59
音声_死に際_09_C_剣崎雌雄_ノーマル.wav,死に際,09,foot,は、母上ぇ…！,剣崎雌雄,ノーマル,21,1.95
音声_死に際_10_A_剣崎雌雄_ノーマル.wav,死に際,10,foot,て、敵ながら…天晴れ…！,剣崎雌雄,ノーマル,21,2.67
音声_死に際_10_B_玄野武宏_ノーマル.wav,死に際,10,foot,て、敵ながら…天晴れ…！,玄野武宏,ノーマル,11,2.58
音声_死に際_10_C_ちび式じい_ノーマル.wav,死に際,10,foot,て、敵ながら…天晴れ…！,ちび式じい,ノーマル,42,3.09
音声_死に際_11_A_玄野武宏_ノーマル.wav,死に際,11,foot,ま、まさか…この俺が…！,玄野武宏,ノーマル,11,2.52
音声_死に際_11_B_剣崎雌雄_ノーマル.wav,死に際,11,foot,ま、まさか…この俺が…！,剣崎雌雄,ノーマル,21,2.76
音声_死に際_11_C_雀松朱司_ノーマル.wav,死に際,11,foot,ま、まさか…この俺が…！,雀松朱司,ノーマル,52,2.61
音声_死に際_12_A_雀松朱司_ノーマル.wav,死に際,12,foot,との、ぉ…お許しを…！,雀松朱司,ノーマル,52,2.55
音声_死に際_12_B_剣崎雌雄_ノーマル.wav,死に際,12,foot,との、ぉ…お許しを…！,剣崎雌雄,ノーマル,21,2.58
音声_死に際_12_C_ちび式じい_ノーマル.wav,死に際,12,foot,との、ぉ…お許しを…！,ちび式じい,ノーマル,42,2.95
音声_死に際_13_A_剣崎雌雄_ノーマル.wav,死に際,13,ninja,ぐっ…不覚…！,剣崎雌雄,ノーマル,21,1.62
音声_死に際_13_B_雀松朱司_ノーマル.wav,死に際,13,ninja,ぐっ…不覚…！,雀松朱司,ノーマル,52,1.58
音声_死に際_13_C_白上虎太郎_ふつう.wav,死に際,13,ninja,ぐっ…不覚…！,白上虎太郎,ふつう,12,1.58
音声_死に際_14_A_雀松朱司_ノーマル.wav,死に際,14,ninja,しのびの…さだめ…か…！,雀松朱司,ノーマル,52,2.60
音声_死に際_14_B_剣崎雌雄_ノーマル.wav,死に際,14,ninja,しのびの…さだめ…か…！,剣崎雌雄,ノーマル,21,2.58
音声_死に際_14_C_玄野武宏_ノーマル.wav,死に際,14,ninja,しのびの…さだめ…か…！,玄野武宏,ノーマル,11,2.42
音声_死に際_15_A_剣崎雌雄_ノーマル.wav,死に際,15,ninja,ぐあっ…！ 無念…！,剣崎雌雄,ノーマル,21,1.43
音声_死に際_15_B_雀松朱司_ノーマル.wav,死に際,15,ninja,ぐあっ…！ 無念…！,雀松朱司,ノーマル,52,1.42
音声_死に際_15_C_玄野武宏_ノーマル.wav,死に際,15,ninja,ぐあっ…！ 無念…！,玄野武宏,ノーマル,11,1.41
音声_死に際_16_A_白上虎太郎_びくびく.wav,死に際,16,archer,ぐああっ！ や、矢がぁ…！,白上虎太郎,びくびく,33,2.81
音声_死に際_16_B_玄野武宏_ノーマル.wav,死に際,16,archer,ぐああっ！ や、矢がぁ…！,玄野武宏,ノーマル,11,2.29
音声_死に際_16_C_剣崎雌雄_ノーマル.wav,死に際,16,archer,ぐああっ！ や、矢がぁ…！,剣崎雌雄,ノーマル,21,2.31
音声_死に際_17_A_玄野武宏_ノーマル.wav,死に際,17,archer,しくじったぁ…！,玄野武宏,ノーマル,11,0.97
音声_死に際_17_B_白上虎太郎_ふつう.wav,死に際,17,archer,しくじったぁ…！,白上虎太郎,ふつう,12,1.16
音声_死に際_17_C_雀松朱司_ノーマル.wav,死に際,17,archer,しくじったぁ…！,雀松朱司,ノーマル,52,1.08
音声_死に際_18_A_玄野武宏_ノーマル.wav,死に際,18,gun,た、弾がぁ…ぐわあっ！,玄野武宏,ノーマル,11,2.11
音声_死に際_18_B_白上虎太郎_びくびく.wav,死に際,18,gun,た、弾がぁ…ぐわあっ！,白上虎太郎,びくびく,33,2.59
音声_死に際_18_C_剣崎雌雄_ノーマル.wav,死に際,18,gun,た、弾がぁ…ぐわあっ！,剣崎雌雄,ノーマル,21,2.25
音声_死に際_19_A_剣崎雌雄_ノーマル.wav,死に際,19,gun,ひ、なわがぁ…ぐああっ！,剣崎雌雄,ノーマル,21,2.40
音声_死に際_19_B_玄野武宏_ノーマル.wav,死に際,19,gun,ひ、なわがぁ…ぐああっ！,玄野武宏,ノーマル,11,2.12
音声_死に際_19_C_雀松朱司_ノーマル.wav,死に際,19,gun,ひ、なわがぁ…ぐああっ！,雀松朱司,ノーマル,52,2.33
音声_死に際_20_A_玄野武宏_ノーマル.wav,死に際,20,rider,うわあっ、馬がぁ…ぐわあっ！,玄野武宏,ノーマル,11,2.53
音声_死に際_20_B_白上虎太郎_びくびく.wav,死に際,20,rider,うわあっ、馬がぁ…ぐわあっ！,白上虎太郎,びくびく,33,2.90
音声_死に際_20_C_青山龍星_熱血.wav,死に際,20,rider,うわあっ、馬がぁ…ぐわあっ！,青山龍星,熱血,81,2.92
音声_死に際_21_A_青山龍星_熱血.wav,死に際,21,rider,ぐおおっ…ここまでか…！,青山龍星,熱血,81,2.22
音声_死に際_21_B_玄野武宏_ノーマル.wav,死に際,21,rider,ぐおおっ…ここまでか…！,玄野武宏,ノーマル,11,2.07
音声_死に際_21_C_剣崎雌雄_ノーマル.wav,死に際,21,rider,ぐおおっ…ここまでか…！,剣崎雌雄,ノーマル,21,1.96
音声_死に際_22_A_青山龍星_熱血.wav,死に際,22,boss,ぐおおおお…み、見事なり…！,青山龍星,熱血,81,3.13
音声_死に際_22_B_麒ヶ島宗麟_ノーマル.wav,死に際,22,boss,ぐおおおお…み、見事なり…！,麒ヶ島宗麟,ノーマル,53,2.55
音声_死に際_22_C_ちび式じい_ノーマル.wav,死に際,22,boss,ぐおおおお…み、見事なり…！,ちび式じい,ノーマル,42,3.08
音声_死に際_23_A_麒ヶ島宗麟_ノーマル.wav,死に際,23,boss,無念…てんかは…夢か…！,麒ヶ島宗麟,ノーマル,53,2.57
音声_死に際_23_B_青山龍星_ノーマル.wav,死に際,23,boss,無念…てんかは…夢か…！,青山龍星,ノーマル,13,2.71
音声_死に際_23_C_ちび式じい_ノーマル.wav,死に際,23,boss,無念…てんかは…夢か…！,ちび式じい,ノーマル,42,3.24
音声_死に際_24_A_ちび式じい_ノーマル.wav,死に際,24,boss,わしが…敗れるとは…ぐああっ！,ちび式じい,ノーマル,42,3.53
音声_死に際_24_B_麒ヶ島宗麟_ノーマル.wav,死に際,24,boss,わしが…敗れるとは…ぐああっ！,麒ヶ島宗麟,ノーマル,53,2.99
音声_死に際_24_C_青山龍星_熱血.wav,死に際,24,boss,わしが…敗れるとは…ぐああっ！,青山龍星,熱血,81,3.50
音声_死に際_25_A_麒ヶ島宗麟_ノーマル.wav,死に際,25,boss,わが生涯…ここまでか…ぐふっ…！,麒ヶ島宗麟,ノーマル,53,3.04
音声_死に際_25_B_ちび式じい_ノーマル.wav,死に際,25,boss,わが生涯…ここまでか…ぐふっ…！,ちび式じい,ノーマル,42,3.88
音声_死に際_25_C_青山龍星_不機嫌.wav,死に際,25,boss,わが生涯…ここまでか…ぐふっ…！,青山龍星,不機嫌,82,3.39
音声_紹介_幸村_A_青山龍星_熱血.wav,紹介,幸村,yuki,我こそは、さなだ さえもんのすけ のぶしげ。日の本一の兵、その目に焼き付けよ！,青山龍星,熱血,81,7.48
音声_紹介_幸村_B_青山龍星_ノーマル.wav,紹介,幸村,yuki,我こそは、さなだ さえもんのすけ のぶしげ。日の本一の兵、その目に焼き付けよ！,青山龍星,ノーマル,13,7.57
音声_紹介_幸村_C_玄野武宏_ノーマル.wav,紹介,幸村,yuki,我こそは、さなだ さえもんのすけ のぶしげ。日の本一の兵、その目に焼き付けよ！,玄野武宏,ノーマル,11,6.78
音声_紹介_幸村_D_麒ヶ島宗麟_ノーマル.wav,紹介,幸村,yuki,我こそは、さなだ さえもんのすけ のぶしげ。日の本一の兵、その目に焼き付けよ！,麒ヶ島宗麟,ノーマル,53,6.72
音声_紹介_幸村_E_剣崎雌雄_ノーマル.wav,紹介,幸村,yuki,我こそは、さなだ さえもんのすけ のぶしげ。日の本一の兵、その目に焼き付けよ！,剣崎雌雄,ノーマル,21,7.42
音声_紹介_幸村_F_雀松朱司_ノーマル.wav,紹介,幸村,yuki,我こそは、さなだ さえもんのすけ のぶしげ。日の本一の兵、その目に焼き付けよ！,雀松朱司,ノーマル,52,7.08
音声_紹介_景勝_A_青山龍星_熱血.wav,紹介,景勝,kage,うえすぎ ちゅうなごん かげかつ。義のためなら、この身が砕けようと、退かぬ。,青山龍星,熱血,81,7.24
音声_紹介_景勝_B_青山龍星_ノーマル.wav,紹介,景勝,kage,うえすぎ ちゅうなごん かげかつ。義のためなら、この身が砕けようと、退かぬ。,青山龍星,ノーマル,13,7.01
音声_紹介_景勝_C_玄野武宏_ノーマル.wav,紹介,景勝,kage,うえすぎ ちゅうなごん かげかつ。義のためなら、この身が砕けようと、退かぬ。,玄野武宏,ノーマル,11,6.74
音声_紹介_景勝_D_麒ヶ島宗麟_ノーマル.wav,紹介,景勝,kage,うえすぎ ちゅうなごん かげかつ。義のためなら、この身が砕けようと、退かぬ。,麒ヶ島宗麟,ノーマル,53,6.47
音声_紹介_景勝_E_剣崎雌雄_ノーマル.wav,紹介,景勝,kage,うえすぎ ちゅうなごん かげかつ。義のためなら、この身が砕けようと、退かぬ。,剣崎雌雄,ノーマル,21,6.85
音声_紹介_景勝_F_雀松朱司_ノーマル.wav,紹介,景勝,kage,うえすぎ ちゅうなごん かげかつ。義のためなら、この身が砕けようと、退かぬ。,雀松朱司,ノーマル,52,6.89
音声_紹介_三成_A_青山龍星_熱血.wav,紹介,三成,mitsu,いしだ じぶしょうゆう みつなり。大義は我にあり。豊臣の天下、断じて渡さぬ！,青山龍星,熱血,81,7.58
音声_紹介_三成_B_青山龍星_ノーマル.wav,紹介,三成,mitsu,いしだ じぶしょうゆう みつなり。大義は我にあり。豊臣の天下、断じて渡さぬ！,青山龍星,ノーマル,13,7.39
音声_紹介_三成_C_玄野武宏_ノーマル.wav,紹介,三成,mitsu,いしだ じぶしょうゆう みつなり。大義は我にあり。豊臣の天下、断じて渡さぬ！,玄野武宏,ノーマル,11,7.00
音声_紹介_三成_D_麒ヶ島宗麟_ノーマル.wav,紹介,三成,mitsu,いしだ じぶしょうゆう みつなり。大義は我にあり。豊臣の天下、断じて渡さぬ！,麒ヶ島宗麟,ノーマル,53,6.82
音声_紹介_三成_E_剣崎雌雄_ノーマル.wav,紹介,三成,mitsu,いしだ じぶしょうゆう みつなり。大義は我にあり。豊臣の天下、断じて渡さぬ！,剣崎雌雄,ノーマル,21,7.33
音声_紹介_三成_F_雀松朱司_ノーマル.wav,紹介,三成,mitsu,いしだ じぶしょうゆう みつなり。大義は我にあり。豊臣の天下、断じて渡さぬ！,雀松朱司,ノーマル,52,7.19
音声_紹介_信長_A_青山龍星_熱血.wav,紹介,信長,nobu,おだ かずさのすけ のぶなが。天下布武。この信長に、逆らう者は、斬る！,青山龍星,熱血,81,7.27
音声_紹介_信長_B_青山龍星_ノーマル.wav,紹介,信長,nobu,おだ かずさのすけ のぶなが。天下布武。この信長に、逆らう者は、斬る！,青山龍星,ノーマル,13,7.39
音声_紹介_信長_C_玄野武宏_ノーマル.wav,紹介,信長,nobu,おだ かずさのすけ のぶなが。天下布武。この信長に、逆らう者は、斬る！,玄野武宏,ノーマル,11,6.94
音声_紹介_信長_D_麒ヶ島宗麟_ノーマル.wav,紹介,信長,nobu,おだ かずさのすけ のぶなが。天下布武。この信長に、逆らう者は、斬る！,麒ヶ島宗麟,ノーマル,53,6.79
音声_紹介_信長_E_剣崎雌雄_ノーマル.wav,紹介,信長,nobu,おだ かずさのすけ のぶなが。天下布武。この信長に、逆らう者は、斬る！,剣崎雌雄,ノーマル,21,7.36
音声_紹介_信長_F_雀松朱司_ノーマル.wav,紹介,信長,nobu,おだ かずさのすけ のぶなが。天下布武。この信長に、逆らう者は、斬る！,雀松朱司,ノーマル,52,7.21
音声_紹介_信玄_A_青山龍星_熱血.wav,紹介,信玄,shin,たけだ だいぜんのだいぶ はるのぶ。はやきこと風の如く、動かざること山の如し。いざ、参る！,青山龍星,熱血,81,8.87
音声_紹介_信玄_B_青山龍星_ノーマル.wav,紹介,信玄,shin,たけだ だいぜんのだいぶ はるのぶ。はやきこと風の如く、動かざること山の如し。いざ、参る！,青山龍星,ノーマル,13,8.86
音声_紹介_信玄_C_玄野武宏_ノーマル.wav,紹介,信玄,shin,たけだ だいぜんのだいぶ はるのぶ。はやきこと風の如く、動かざること山の如し。いざ、参る！,玄野武宏,ノーマル,11,8.37
音声_紹介_信玄_D_麒ヶ島宗麟_ノーマル.wav,紹介,信玄,shin,たけだ だいぜんのだいぶ はるのぶ。はやきこと風の如く、動かざること山の如し。いざ、参る！,麒ヶ島宗麟,ノーマル,53,8.12
音声_紹介_信玄_E_剣崎雌雄_ノーマル.wav,紹介,信玄,shin,たけだ だいぜんのだいぶ はるのぶ。はやきこと風の如く、動かざること山の如し。いざ、参る！,剣崎雌雄,ノーマル,21,8.69
音声_紹介_信玄_F_雀松朱司_ノーマル.wav,紹介,信玄,shin,たけだ だいぜんのだいぶ はるのぶ。はやきこと風の如く、動かざること山の如し。いざ、参る！,雀松朱司,ノーマル,52,8.53
音声_紹介_武蔵_A_青山龍星_熱血.wav,紹介,武蔵,musashi,しんめん むさしのかみ ふじわらの はるのぶ。にてんいちりゅう、いざ、尋常に勝負！,青山龍星,熱血,81,8.57
音声_紹介_武蔵_B_青山龍星_ノーマル.wav,紹介,武蔵,musashi,しんめん むさしのかみ ふじわらの はるのぶ。にてんいちりゅう、いざ、尋常に勝負！,青山龍星,ノーマル,13,8.29
音声_紹介_武蔵_C_玄野武宏_ノーマル.wav,紹介,武蔵,musashi,しんめん むさしのかみ ふじわらの はるのぶ。にてんいちりゅう、いざ、尋常に勝負！,玄野武宏,ノーマル,11,7.56
音声_紹介_武蔵_D_麒ヶ島宗麟_ノーマル.wav,紹介,武蔵,musashi,しんめん むさしのかみ ふじわらの はるのぶ。にてんいちりゅう、いざ、尋常に勝負！,麒ヶ島宗麟,ノーマル,53,7.13
音声_紹介_武蔵_E_剣崎雌雄_ノーマル.wav,紹介,武蔵,musashi,しんめん むさしのかみ ふじわらの はるのぶ。にてんいちりゅう、いざ、尋常に勝負！,剣崎雌雄,ノーマル,21,7.70
音声_紹介_武蔵_F_雀松朱司_ノーマル.wav,紹介,武蔵,musashi,しんめん むさしのかみ ふじわらの はるのぶ。にてんいちりゅう、いざ、尋常に勝負！,雀松朱司,ノーマル,52,7.63
音声_討ち取り_幸村_A_青山龍星_熱血.wav,討ち取り,幸村,yuki,てきしょう、討ち取ったりぃ！,青山龍星,熱血,81,2.15
音声_討ち取り_幸村_B_青山龍星_ノーマル.wav,討ち取り,幸村,yuki,てきしょう、討ち取ったりぃ！,青山龍星,ノーマル,13,1.91
音声_討ち取り_幸村_C_玄野武宏_ノーマル.wav,討ち取り,幸村,yuki,てきしょう、討ち取ったりぃ！,玄野武宏,ノーマル,11,1.90
音声_討ち取り_幸村_D_麒ヶ島宗麟_ノーマル.wav,討ち取り,幸村,yuki,てきしょう、討ち取ったりぃ！,麒ヶ島宗麟,ノーマル,53,1.78
音声_討ち取り_幸村_E_剣崎雌雄_ノーマル.wav,討ち取り,幸村,yuki,てきしょう、討ち取ったりぃ！,剣崎雌雄,ノーマル,21,1.87
音声_討ち取り_幸村_F_雀松朱司_ノーマル.wav,討ち取り,幸村,yuki,てきしょう、討ち取ったりぃ！,雀松朱司,ノーマル,52,1.92
音声_討ち取り_景勝_A_青山龍星_熱血.wav,討ち取り,景勝,kage,てきしょう、討ち取ったりぃ！,青山龍星,熱血,81,2.15
音声_討ち取り_景勝_B_青山龍星_ノーマル.wav,討ち取り,景勝,kage,てきしょう、討ち取ったりぃ！,青山龍星,ノーマル,13,1.91
音声_討ち取り_景勝_C_玄野武宏_ノーマル.wav,討ち取り,景勝,kage,てきしょう、討ち取ったりぃ！,玄野武宏,ノーマル,11,1.90
音声_討ち取り_景勝_D_麒ヶ島宗麟_ノーマル.wav,討ち取り,景勝,kage,てきしょう、討ち取ったりぃ！,麒ヶ島宗麟,ノーマル,53,1.78
音声_討ち取り_景勝_E_剣崎雌雄_ノーマル.wav,討ち取り,景勝,kage,てきしょう、討ち取ったりぃ！,剣崎雌雄,ノーマル,21,1.87
音声_討ち取り_景勝_F_雀松朱司_ノーマル.wav,討ち取り,景勝,kage,てきしょう、討ち取ったりぃ！,雀松朱司,ノーマル,52,1.92
音声_討ち取り_三成_A_青山龍星_熱血.wav,討ち取り,三成,mitsu,てきしょう、討ち取ったりぃ！,青山龍星,熱血,81,2.15
音声_討ち取り_三成_B_青山龍星_ノーマル.wav,討ち取り,三成,mitsu,てきしょう、討ち取ったりぃ！,青山龍星,ノーマル,13,1.91
音声_討ち取り_三成_C_玄野武宏_ノーマル.wav,討ち取り,三成,mitsu,てきしょう、討ち取ったりぃ！,玄野武宏,ノーマル,11,1.90
音声_討ち取り_三成_D_麒ヶ島宗麟_ノーマル.wav,討ち取り,三成,mitsu,てきしょう、討ち取ったりぃ！,麒ヶ島宗麟,ノーマル,53,1.78
音声_討ち取り_三成_E_剣崎雌雄_ノーマル.wav,討ち取り,三成,mitsu,てきしょう、討ち取ったりぃ！,剣崎雌雄,ノーマル,21,1.87
音声_討ち取り_三成_F_雀松朱司_ノーマル.wav,討ち取り,三成,mitsu,てきしょう、討ち取ったりぃ！,雀松朱司,ノーマル,52,1.92
音声_討ち取り_信長_A_青山龍星_熱血.wav,討ち取り,信長,nobu,てきしょう、討ち取ったりぃ！,青山龍星,熱血,81,2.15
音声_討ち取り_信長_B_青山龍星_ノーマル.wav,討ち取り,信長,nobu,てきしょう、討ち取ったりぃ！,青山龍星,ノーマル,13,1.91
音声_討ち取り_信長_C_玄野武宏_ノーマル.wav,討ち取り,信長,nobu,てきしょう、討ち取ったりぃ！,玄野武宏,ノーマル,11,1.90
音声_討ち取り_信長_D_麒ヶ島宗麟_ノーマル.wav,討ち取り,信長,nobu,てきしょう、討ち取ったりぃ！,麒ヶ島宗麟,ノーマル,53,1.78
音声_討ち取り_信長_E_剣崎雌雄_ノーマル.wav,討ち取り,信長,nobu,てきしょう、討ち取ったりぃ！,剣崎雌雄,ノーマル,21,1.87
音声_討ち取り_信長_F_雀松朱司_ノーマル.wav,討ち取り,信長,nobu,てきしょう、討ち取ったりぃ！,雀松朱司,ノーマル,52,1.92
音声_討ち取り_信玄_A_青山龍星_熱血.wav,討ち取り,信玄,shin,てきしょう、討ち取ったりぃ！,青山龍星,熱血,81,2.15
音声_討ち取り_信玄_B_青山龍星_ノーマル.wav,討ち取り,信玄,shin,てきしょう、討ち取ったりぃ！,青山龍星,ノーマル,13,1.91
音声_討ち取り_信玄_C_玄野武宏_ノーマル.wav,討ち取り,信玄,shin,てきしょう、討ち取ったりぃ！,玄野武宏,ノーマル,11,1.90
音声_討ち取り_信玄_D_麒ヶ島宗麟_ノーマル.wav,討ち取り,信玄,shin,てきしょう、討ち取ったりぃ！,麒ヶ島宗麟,ノーマル,53,1.78
音声_討ち取り_信玄_E_剣崎雌雄_ノーマル.wav,討ち取り,信玄,shin,てきしょう、討ち取ったりぃ！,剣崎雌雄,ノーマル,21,1.87
音声_討ち取り_信玄_F_雀松朱司_ノーマル.wav,討ち取り,信玄,shin,てきしょう、討ち取ったりぃ！,雀松朱司,ノーマル,52,1.92
音声_討ち取り_武蔵_A_青山龍星_熱血.wav,討ち取り,武蔵,musashi,てきしょう、討ち取ったりぃ！,青山龍星,熱血,81,2.15
音声_討ち取り_武蔵_B_青山龍星_ノーマル.wav,討ち取り,武蔵,musashi,てきしょう、討ち取ったりぃ！,青山龍星,ノーマル,13,1.91
音声_討ち取り_武蔵_C_玄野武宏_ノーマル.wav,討ち取り,武蔵,musashi,てきしょう、討ち取ったりぃ！,玄野武宏,ノーマル,11,1.90
音声_討ち取り_武蔵_D_麒ヶ島宗麟_ノーマル.wav,討ち取り,武蔵,musashi,てきしょう、討ち取ったりぃ！,麒ヶ島宗麟,ノーマル,53,1.78
音声_討ち取り_武蔵_E_剣崎雌雄_ノーマル.wav,討ち取り,武蔵,musashi,てきしょう、討ち取ったりぃ！,剣崎雌雄,ノーマル,21,1.87
音声_討ち取り_武蔵_F_雀松朱司_ノーマル.wav,討ち取り,武蔵,musashi,てきしょう、討ち取ったりぃ！,雀松朱司,ノーマル,52,1.92
