ファイル名,入手先,元ファイル名,加工,入手先URL,ダウンロード時ファイル名
断末魔_ボス_01.mp3,効果音ラボ,01_swordman-damage1.mp3,前後無音除去、loudnorm I=-14、低音化,https://soundeffect-lab.info/sound/voice/game.html,01_swordman-damage1.mp3
断末魔_ボス_02.mp3,効果音ラボ,02_swordman-damage2.mp3,前後無音除去、loudnorm I=-14、低音化,https://soundeffect-lab.info/sound/voice/game.html,02_swordman-damage2.mp3
断末魔_ボス_03.mp3,効果音ラボ,03_swordman-faint1.mp3,前後無音除去、loudnorm I=-14、低音化,https://soundeffect-lab.info/sound/voice/game.html,03_swordman-faint1.mp3
断末魔_ボス_04.mp3,効果音ラボ,04_swordman-death1.mp3,前後無音除去、loudnorm I=-14、低音化,https://soundeffect-lab.info/sound/voice/game.html,04_swordman-death1.mp3
断末魔_ボス_05.mp3,効果音ラボ,05_swordman-lose1.mp3,前後無音除去、loudnorm I=-14、低音化,https://soundeffect-lab.info/sound/voice/game.html,05_swordman-lose1.mp3
断末魔_足軽_01.mp3,効果音ラボ,06_swordman-guard1.mp3,前後無音除去、loudnorm I=-14,https://soundeffect-lab.info/sound/voice/game.html,06_swordman-guard1.mp3
断末魔_足軽_02.mp3,効果音ラボ,07_swordman-guard2.mp3,前後無音除去、loudnorm I=-14,https://soundeffect-lab.info/sound/voice/game.html,07_swordman-guard2.mp3
断末魔_足軽_03.mp3,効果音ラボ,08_swordman-attack1.mp3,前後無音除去、loudnorm I=-14,https://soundeffect-lab.info/sound/voice/game.html,08_swordman-attack1.mp3
断末魔_足軽_04.mp3,効果音ラボ,09_swordman-attack2.mp3,前後無音除去、loudnorm I=-14,https://soundeffect-lab.info/sound/voice/game.html,09_swordman-attack2.mp3
断末魔_足軽_05.mp3,効果音ラボ,10_swordman-attack3.mp3,前後無音除去、loudnorm I=-14,https://soundeffect-lab.info/sound/voice/game.html,10_swordman-attack3.mp3
断末魔_足軽_06.mp3,効果音ラボ,11_swordman-special1.mp3,前後無音除去、loudnorm I=-14,https://soundeffect-lab.info/sound/voice/game.html,11_swordman-special1.mp3
断末魔_足軽_07.mp3,効果音ラボ,12_swordman-start1.mp3,前後無音除去、loudnorm I=-14,https://soundeffect-lab.info/sound/voice/game.html,12_swordman-start1.mp3
断末魔_足軽_08.mp3,効果音ラボ,13_swordman-start2.mp3,前後無音除去、loudnorm I=-14,https://soundeffect-lab.info/sound/voice/game.html,13_swordman-start2.mp3
断末魔_足軽_09.mp3,効果音ラボ,14_swordman-win1.mp3,前後無音除去、loudnorm I=-14,https://soundeffect-lab.info/sound/voice/game.html,14_swordman-win1.mp3
断末魔_足軽_10.mp3,効果音ラボ,15_swordman-greeting1.mp3,前後無音除去、loudnorm I=-14,https://soundeffect-lab.info/sound/voice/game.html,15_swordman-greeting1.mp3
断末魔_足軽_11.mp3,効果音ラボ,16_swordman-special2.mp3,前後無音除去、loudnorm I=-14,https://soundeffect-lab.info/sound/voice/game.html,16_swordman-special2.mp3
断末魔_足軽_12.mp3,効果音ラボ,17_swordman-special3.mp3,前後無音除去、loudnorm I=-14,https://soundeffect-lab.info/sound/voice/game.html,17_swordman-special3.mp3
断末魔_足軽_13.mp3,効果音ラボ,18_thief-boy-damage1.mp3,前後無音除去、loudnorm I=-14,https://soundeffect-lab.info/sound/voice/game.html,18_thief-boy-damage1.mp3
断末魔_足軽_14.mp3,効果音ラボ,19_thief-boy-damage2.mp3,前後無音除去、loudnorm I=-14,https://soundeffect-lab.info/sound/voice/game.html,19_thief-boy-damage2.mp3
断末魔_足軽_15.mp3,効果音ラボ,20_thief-boy-faint1.mp3,前後無音除去、loudnorm I=-14,https://soundeffect-lab.info/sound/voice/game.html,20_thief-boy-faint1.mp3
断末魔_足軽_16.mp3,効果音ラボ,21_thief-boy-death1.mp3,前後無音除去、loudnorm I=-14,https://soundeffect-lab.info/sound/voice/game.html,21_thief-boy-death1.mp3
断末魔_足軽_17.mp3,効果音ラボ,22_thief-boy-lose1.mp3,前後無音除去、loudnorm I=-14,https://soundeffect-lab.info/sound/voice/game.html,22_thief-boy-lose1.mp3
断末魔_足軽_18.mp3,効果音ラボ,23_thief-boy-guard1.mp3,前後無音除去、loudnorm I=-14,https://soundeffect-lab.info/sound/voice/game.html,23_thief-boy-guard1.mp3
断末魔_足軽_19.mp3,効果音ラボ,24_thief-boy-attack1.mp3,前後無音除去、loudnorm I=-14,https://soundeffect-lab.info/sound/voice/game.html,24_thief-boy-attack1.mp3
断末魔_足軽_20.mp3,効果音ラボ,25_thief-boy-start2.mp3,前後無音除去、loudnorm I=-14,https://soundeffect-lab.info/sound/voice/game.html,25_thief-boy-start2.mp3
